{
	"texture_size": [32, 32],
	"textures": {
		"0": "item/snowball/1",
		"particle": "granate"
	},
	"elements": [
		{
			"name": "1",
			"from": [6.5, 0, 6.5],
			"to": [9.5, 1, 9.5],
			"faces": {
				"north": {"uv": [6, 2.5, 7.5, 3], "texture": "#0"},
				"east": {"uv": [6, 3, 7.5, 3.5], "texture": "#0"},
				"south": {"uv": [6, 3.5, 7.5, 4], "texture": "#0"},
				"west": {"uv": [6, 4, 7.5, 4.5], "texture": "#0"},
				"up": {"uv": [5.5, 5.5, 4, 4], "texture": "#0"},
				"down": {"uv": [1.5, 5, 0, 6.5], "texture": "#0"}
			}
		},
		{
			"name": "2",
			"from": [6.5, 6, 6.5],
			"to": [9.5, 7, 9.5],
			"faces": {
				"north": {"uv": [6, 4.5, 7.5, 5], "texture": "#0"},
				"east": {"uv": [6, 5, 7.5, 5.5], "texture": "#0"},
				"south": {"uv": [6, 5.5, 7.5, 6], "texture": "#0"},
				"west": {"uv": [6, 6, 7.5, 6.5], "texture": "#0"},
				"up": {"uv": [3, 6.5, 1.5, 5], "texture": "#0"},
				"down": {"uv": [4.5, 5.5, 3, 7], "texture": "#0"}
			}
		},
		{
			"from": [6, 1, 6],
			"to": [10, 6, 10],
			"faces": {
				"north": {"uv": [0, 0, 2, 2.5], "texture": "#0"},
				"east": {"uv": [2, 0, 4, 2.5], "texture": "#0"},
				"south": {"uv": [0, 2.5, 2, 5], "texture": "#0"},
				"west": {"uv": [2, 2.5, 4, 5], "texture": "#0"},
				"up": {"uv": [6, 2, 4, 0], "texture": "#0"},
				"down": {"uv": [6, 2, 4, 4], "texture": "#0"}
			}
		},
		{
			"name": "1",
			"from": [6.75, 1.5, 5.5],
			"to": [7.75, 2.5, 7.5],
			"faces": {
				"north": {"uv": [6, 9, 6.5, 9.5], "texture": "#0"},
				"east": {"uv": [3, 5, 4, 5.5], "texture": "#0"},
				"south": {"uv": [5, 9.5, 5.5, 10], "texture": "#0"},
				"west": {"uv": [2, 6.5, 3, 7], "texture": "#0"},
				"up": {"uv": [7.5, 2, 7, 1], "texture": "#0"},
				"down": {"uv": [2.5, 7, 2, 8], "texture": "#0"}
			}
		},
		{
			"name": "2",
			"from": [8.25, 1.5, 5.5],
			"to": [9.25, 2.5, 7.5],
			"faces": {
				"north": {"uv": [0, 10, 0.5, 10.5], "texture": "#0"},
				"east": {"uv": [2.5, 7, 3.5, 7.5], "texture": "#0"},
				"south": {"uv": [10, 0, 10.5, 0.5], "texture": "#0"},
				"west": {"uv": [3.5, 7, 4.5, 7.5], "texture": "#0"},
				"up": {"uv": [6, 8, 5.5, 7], "texture": "#0"},
				"down": {"uv": [6.5, 7, 6, 8], "texture": "#0"}
			}
		},
		{
			"name": "3",
			"from": [6.75, 3, 5.5],
			"to": [7.75, 4, 7.5],
			"faces": {
				"north": {"uv": [0.5, 10, 1, 10.5], "texture": "#0"},
				"east": {"uv": [6.5, 7, 7.5, 7.5], "texture": "#0"},
				"south": {"uv": [1, 10, 1.5, 10.5], "texture": "#0"},
				"west": {"uv": [7, 6.5, 8, 7], "texture": "#0"},
				"up": {"uv": [0.5, 8.5, 0, 7.5], "texture": "#0"},
				"down": {"uv": [1, 7.5, 0.5, 8.5], "texture": "#0"}
			}
		},
		{
			"name": "4",
			"from": [8.25, 3, 5.5],
			"to": [9.25, 4, 7.5],
			"faces": {
				"north": {"uv": [1.5, 10, 2, 10.5], "texture": "#0"},
				"east": {"uv": [7.5, 1, 8.5, 1.5], "texture": "#0"},
				"south": {"uv": [2, 10, 2.5, 10.5], "texture": "#0"},
				"west": {"uv": [7.5, 1.5, 8.5, 2], "texture": "#0"},
				"up": {"uv": [1.5, 8.5, 1, 7.5], "texture": "#0"},
				"down": {"uv": [3, 7.5, 2.5, 8.5], "texture": "#0"}
			}
		},
		{
			"name": "5",
			"from": [6.75, 4.5, 5.5],
			"to": [7.75, 5.5, 7.5],
			"faces": {
				"north": {"uv": [10, 2, 10.5, 2.5], "texture": "#0"},
				"east": {"uv": [7.5, 2.5, 8.5, 3], "texture": "#0"},
				"south": {"uv": [2.5, 10, 3, 10.5], "texture": "#0"},
				"west": {"uv": [3, 7.5, 4, 8], "texture": "#0"},
				"up": {"uv": [8, 4, 7.5, 3], "texture": "#0"},
				"down": {"uv": [4.5, 7.5, 4, 8.5], "texture": "#0"}
			}
		},
		{
			"name": "6",
			"from": [8.25, 4.5, 5.5],
			"to": [9.25, 5.5, 7.5],
			"faces": {
				"north": {"uv": [3, 10, 3.5, 10.5], "texture": "#0"},
				"east": {"uv": [7.5, 4, 8.5, 4.5], "texture": "#0"},
				"south": {"uv": [3.5, 10, 4, 10.5], "texture": "#0"},
				"west": {"uv": [7.5, 4.5, 8.5, 5], "texture": "#0"},
				"up": {"uv": [8, 6, 7.5, 5], "texture": "#0"},
				"down": {"uv": [7, 7.5, 6.5, 8.5], "texture": "#0"}
			}
		},
		{
			"name": "1",
			"from": [8.5, 1.5, 6.75],
			"to": [10.5, 2.5, 7.75],
			"rotation": {"angle": 0, "axis": "y", "origin": [14, 3.5, 6.5]},
			"faces": {
				"north": {"uv": [7.5, 6, 8.5, 6.5], "texture": "#0"},
				"east": {"uv": [4, 10, 4.5, 10.5], "texture": "#0"},
				"south": {"uv": [7, 7.5, 8, 8], "texture": "#0"},
				"west": {"uv": [10, 4, 10.5, 4.5], "texture": "#0"},
				"up": {"uv": [8.5, 7.5, 7.5, 7], "texture": "#0"},
				"down": {"uv": [9, 0, 8, 0.5], "texture": "#0"}
			}
		},
		{
			"name": "2",
			"from": [8.5, 1.5, 8.25],
			"to": [10.5, 2.5, 9.25],
			"rotation": {"angle": 0, "axis": "y", "origin": [14, 3.5, 6.5]},
			"faces": {
				"north": {"uv": [1.5, 8, 2.5, 8.5], "texture": "#0"},
				"east": {"uv": [4.5, 10, 5, 10.5], "texture": "#0"},
				"south": {"uv": [8, 2, 9, 2.5], "texture": "#0"},
				"west": {"uv": [5, 10, 5.5, 10.5], "texture": "#0"},
				"up": {"uv": [4, 8.5, 3, 8], "texture": "#0"},
				"down": {"uv": [9, 3, 8, 3.5], "texture": "#0"}
			}
		},
		{
			"name": "3",
			"from": [8.5, 3, 6.75],
			"to": [10.5, 4, 7.75],
			"rotation": {"angle": 0, "axis": "y", "origin": [14, 3.5, 6.5]},
			"faces": {
				"north": {"uv": [8, 3.5, 9, 4], "texture": "#0"},
				"east": {"uv": [5.5, 10, 6, 10.5], "texture": "#0"},
				"south": {"uv": [4.5, 8, 5.5, 8.5], "texture": "#0"},
				"west": {"uv": [10, 5.5, 10.5, 6], "texture": "#0"},
				"up": {"uv": [9, 5.5, 8, 5], "texture": "#0"},
				"down": {"uv": [6.5, 8, 5.5, 8.5], "texture": "#0"}
			}
		},
		{
			"name": "4",
			"from": [8.5, 3, 8.25],
			"to": [10.5, 4, 9.25],
			"rotation": {"angle": 0, "axis": "y", "origin": [14, 3.5, 6.5]},
			"faces": {
				"north": {"uv": [8, 5.5, 9, 6], "texture": "#0"},
				"east": {"uv": [6, 10, 6.5, 10.5], "texture": "#0"},
				"south": {"uv": [8, 6.5, 9, 7], "texture": "#0"},
				"west": {"uv": [6.5, 10, 7, 10.5], "texture": "#0"},
				"up": {"uv": [8, 8.5, 7, 8], "texture": "#0"},
				"down": {"uv": [9, 7.5, 8, 8], "texture": "#0"}
			}
		},
		{
			"name": "5",
			"from": [8.5, 4.5, 6.75],
			"to": [10.5, 5.5, 7.75],
			"rotation": {"angle": 0, "axis": "y", "origin": [14, 3.5, 6.5]},
			"faces": {
				"north": {"uv": [8, 8, 9, 8.5], "texture": "#0"},
				"east": {"uv": [10, 6.5, 10.5, 7], "texture": "#0"},
				"south": {"uv": [0, 8.5, 1, 9], "texture": "#0"},
				"west": {"uv": [7, 10, 7.5, 10.5], "texture": "#0"},
				"up": {"uv": [9.5, 1, 8.5, 0.5], "texture": "#0"},
				"down": {"uv": [2, 8.5, 1, 9], "texture": "#0"}
			}
		},
		{
			"name": "6",
			"from": [8.5, 4.5, 8.25],
			"to": [10.5, 5.5, 9.25],
			"rotation": {"angle": 0, "axis": "y", "origin": [14, 3.5, 6.5]},
			"faces": {
				"north": {"uv": [8.5, 1, 9.5, 1.5], "texture": "#0"},
				"east": {"uv": [7.5, 10, 8, 10.5], "texture": "#0"},
				"south": {"uv": [8.5, 1.5, 9.5, 2], "texture": "#0"},
				"west": {"uv": [10, 7.5, 10.5, 8], "texture": "#0"},
				"up": {"uv": [3, 9, 2, 8.5], "texture": "#0"},
				"down": {"uv": [9.5, 2.5, 8.5, 3], "texture": "#0"}
			}
		},
		{
			"name": "1",
			"from": [6.75, 1.5, 8.5],
			"to": [7.75, 2.5, 10.5],
			"faces": {
				"north": {"uv": [8, 10, 8.5, 10.5], "texture": "#0"},
				"east": {"uv": [3, 8.5, 4, 9], "texture": "#0"},
				"south": {"uv": [10, 8, 10.5, 8.5], "texture": "#0"},
				"west": {"uv": [4, 8.5, 5, 9], "texture": "#0"},
				"up": {"uv": [9, 5, 8.5, 4], "texture": "#0"},
				"down": {"uv": [5.5, 8.5, 5, 9.5], "texture": "#0"}
			}
		},
		{
			"name": "2",
			"from": [8.25, 1.5, 8.5],
			"to": [9.25, 2.5, 10.5],
			"faces": {
				"north": {"uv": [8.5, 10, 9, 10.5], "texture": "#0"},
				"east": {"uv": [5.5, 8.5, 6.5, 9], "texture": "#0"},
				"south": {"uv": [10, 8.5, 10.5, 9], "texture": "#0"},
				"west": {"uv": [8.5, 6, 9.5, 6.5], "texture": "#0"},
				"up": {"uv": [7, 9.5, 6.5, 8.5], "texture": "#0"},
				"down": {"uv": [7.5, 8.5, 7, 9.5], "texture": "#0"}
			}
		},
		{
			"name": "3",
			"from": [6.75, 3, 8.5],
			"to": [7.75, 4, 10.5],
			"faces": {
				"north": {"uv": [9, 10, 9.5, 10.5], "texture": "#0"},
				"east": {"uv": [8.5, 7, 9.5, 7.5], "texture": "#0"},
				"south": {"uv": [10, 9, 10.5, 9.5], "texture": "#0"},
				"west": {"uv": [7.5, 8.5, 8.5, 9], "texture": "#0"},
				"up": {"uv": [9, 9.5, 8.5, 8.5], "texture": "#0"},
				"down": {"uv": [0.5, 9, 0, 10], "texture": "#0"}
			}
		},
		{
			"name": "4",
			"from": [8.25, 3, 8.5],
			"to": [9.25, 4, 10.5],
			"faces": {
				"north": {"uv": [9.5, 10, 10, 10.5], "texture": "#0"},
				"east": {"uv": [9, 0, 10, 0.5], "texture": "#0"},
				"south": {"uv": [10, 9.5, 10.5, 10], "texture": "#0"},
				"west": {"uv": [0.5, 9, 1.5, 9.5], "texture": "#0"},
				"up": {"uv": [2, 10, 1.5, 9], "texture": "#0"},
				"down": {"uv": [2.5, 9, 2, 10], "texture": "#0"}
			}
		},
		{
			"name": "5",
			"from": [6.75, 4.5, 8.5],
			"to": [7.75, 5.5, 10.5],
			"faces": {
				"north": {"uv": [10, 10, 10.5, 10.5], "texture": "#0"},
				"east": {"uv": [9, 2, 10, 2.5], "texture": "#0"},
				"south": {"uv": [0, 10.5, 0.5, 11], "texture": "#0"},
				"west": {"uv": [2.5, 9, 3.5, 9.5], "texture": "#0"},
				"up": {"uv": [9.5, 4, 9, 3], "texture": "#0"},
				"down": {"uv": [4, 9, 3.5, 10], "texture": "#0"}
			}
		},
		{
			"name": "6",
			"from": [8.25, 4.5, 8.5],
			"to": [9.25, 5.5, 10.5],
			"faces": {
				"north": {"uv": [10.5, 0, 11, 0.5], "texture": "#0"},
				"east": {"uv": [4, 9, 5, 9.5], "texture": "#0"},
				"south": {"uv": [0.5, 10.5, 1, 11], "texture": "#0"},
				"west": {"uv": [9, 4, 10, 4.5], "texture": "#0"},
				"up": {"uv": [9.5, 5.5, 9, 4.5], "texture": "#0"},
				"down": {"uv": [6, 9, 5.5, 10], "texture": "#0"}
			}
		},
		{
			"name": "1",
			"from": [5.5, 1.5, 6.75],
			"to": [7.5, 2.5, 7.75],
			"faces": {
				"north": {"uv": [9, 5.5, 10, 6], "texture": "#0"},
				"east": {"uv": [10.5, 0.5, 11, 1], "texture": "#0"},
				"south": {"uv": [9, 6.5, 10, 7], "texture": "#0"},
				"west": {"uv": [1, 10.5, 1.5, 11], "texture": "#0"},
				"up": {"uv": [8.5, 9.5, 7.5, 9], "texture": "#0"},
				"down": {"uv": [10, 7.5, 9, 8], "texture": "#0"}
			}
		},
		{
			"name": "2",
			"from": [5.5, 1.5, 8.25],
			"to": [7.5, 2.5, 9.25],
			"faces": {
				"north": {"uv": [9, 8, 10, 8.5], "texture": "#0"},
				"east": {"uv": [10.5, 1, 11, 1.5], "texture": "#0"},
				"south": {"uv": [9, 8.5, 10, 9], "texture": "#0"},
				"west": {"uv": [1.5, 10.5, 2, 11], "texture": "#0"},
				"up": {"uv": [10, 9.5, 9, 9], "texture": "#0"},
				"down": {"uv": [1.5, 9.5, 0.5, 10], "texture": "#0"}
			}
		},
		{
			"name": "3",
			"from": [5.5, 3, 6.75],
			"to": [7.5, 4, 7.75],
			"faces": {
				"north": {"uv": [9.5, 0.5, 10.5, 1], "texture": "#0"},
				"east": {"uv": [10.5, 1.5, 11, 2], "texture": "#0"},
				"south": {"uv": [9.5, 1, 10.5, 1.5], "texture": "#0"},
				"west": {"uv": [2, 10.5, 2.5, 11], "texture": "#0"},
				"up": {"uv": [10.5, 2, 9.5, 1.5], "texture": "#0"},
				"down": {"uv": [3.5, 9.5, 2.5, 10], "texture": "#0"}
			}
		},
		{
			"name": "4",
			"from": [5.5, 3, 8.25],
			"to": [7.5, 4, 9.25],
			"faces": {
				"north": {"uv": [9.5, 2.5, 10.5, 3], "texture": "#0"},
				"east": {"uv": [10.5, 2, 11, 2.5], "texture": "#0"},
				"south": {"uv": [9.5, 3, 10.5, 3.5], "texture": "#0"},
				"west": {"uv": [2.5, 10.5, 3, 11], "texture": "#0"},
				"up": {"uv": [10.5, 4, 9.5, 3.5], "texture": "#0"},
				"down": {"uv": [5, 9.5, 4, 10], "texture": "#0"}
			}
		},
		{
			"name": "5",
			"from": [5.5, 4.5, 6.75],
			"to": [7.5, 5.5, 7.75],
			"faces": {
				"north": {"uv": [9.5, 4.5, 10.5, 5], "texture": "#0"},
				"east": {"uv": [10.5, 2.5, 11, 3], "texture": "#0"},
				"south": {"uv": [9.5, 5, 10.5, 5.5], "texture": "#0"},
				"west": {"uv": [3, 10.5, 3.5, 11], "texture": "#0"},
				"up": {"uv": [7, 10, 6, 9.5], "texture": "#0"},
				"down": {"uv": [10.5, 6, 9.5, 6.5], "texture": "#0"}
			}
		},
		{
			"name": "6",
			"from": [5.5, 4.5, 8.25],
			"to": [7.5, 5.5, 9.25],
			"faces": {
				"north": {"uv": [7, 9.5, 8, 10], "texture": "#0"},
				"east": {"uv": [10.5, 3, 11, 3.5], "texture": "#0"},
				"south": {"uv": [9.5, 7, 10.5, 7.5], "texture": "#0"},
				"west": {"uv": [3.5, 10.5, 4, 11], "texture": "#0"},
				"up": {"uv": [9, 10, 8, 9.5], "texture": "#0"},
				"down": {"uv": [10, 9.5, 9, 10], "texture": "#0"}
			}
		},
		{
			"name": "1",
			"from": [7.5, 7, 6.5],
			"to": [8.5, 7.85, 9.5],
			"faces": {
				"north": {"uv": [10.5, 3.5, 11, 4], "texture": "#0"},
				"east": {"uv": [0, 6.5, 1.5, 7], "texture": "#0"},
				"south": {"uv": [4, 10.5, 4.5, 11], "texture": "#0"},
				"west": {"uv": [6.5, 0, 8, 0.5], "texture": "#0"},
				"up": {"uv": [7, 2, 6.5, 0.5], "texture": "#0"},
				"down": {"uv": [2, 6.5, 1.5, 8], "texture": "#0"}
			}
		},
		{
			"name": "2",
			"from": [6.5, 7, 7.5],
			"to": [9.5, 8, 8.5],
			"faces": {
				"north": {"uv": [6.5, 2, 8, 2.5], "texture": "#0"},
				"east": {"uv": [10.5, 7.5, 11, 8], "texture": "#0"},
				"south": {"uv": [10.5, 6.5, 12, 7], "texture": "#0"},
				"west": {"uv": [10.5, 8, 11, 8.5], "texture": "#0"},
				"up": {"uv": [8.5, 11, 7, 10.5], "texture": "#0"},
				"down": {"uv": [12, 7, 10.5, 7.5], "texture": "#0"}
			}
		},
		{
			"name": "3",
			"from": [7.5, 6, 9.5],
			"to": [8.5, 7, 10.8],
			"faces": {
				"north": {"uv": [10.5, 4.5, 11, 5], "texture": "#0"},
				"east": {"uv": [5, 10.5, 5.5, 11], "texture": "#0"},
				"south": {"uv": [10.5, 5, 11, 5.5], "texture": "#0"},
				"west": {"uv": [5.5, 10.5, 6, 11], "texture": "#0"},
				"up": {"uv": [11, 6, 10.5, 5.5], "texture": "#0"},
				"down": {"uv": [6.5, 10.5, 6, 11], "texture": "#0"}
			}
		},
		{
			"name": "4",
			"from": [7.5, 2, 10.8],
			"to": [8.5, 7, 11.8],
			"faces": {
				"north": {"uv": [5.5, 4, 6, 6.5], "texture": "#0"},
				"east": {"uv": [4.5, 5.5, 5, 8], "texture": "#0"},
				"south": {"uv": [5, 5.5, 5.5, 8], "texture": "#0"},
				"west": {"uv": [6, 0, 6.5, 2.5], "texture": "#0"},
				"up": {"uv": [11, 6.5, 10.5, 6], "texture": "#0"},
				"down": {"uv": [7, 10.5, 6.5, 11], "texture": "#0"}
			}
		}
	],
	"display": {
		"thirdperson_righthand": {
			"translation": [0, 2.5, -3.25]
		},
		"thirdperson_lefthand": {
			"translation": [0, 2.25, -3.5]
		},
		"firstperson_righthand": {
			"translation": [0, 4.75, 0]
		},
		"firstperson_lefthand": {
			"translation": [0, 5.5, 0]
		},
		"ground": {
			"translation": [0, 3, 0]
		},
		"gui": {
			"rotation": [0, 90, 0],
			"translation": [-0.5, 5.25, 0],
			"scale": [1.5, 1.5, 1.5]
		},
		"head": {
			"translation": [0, 15.75, 0]
		},
		"fixed": {
			"rotation": [-180, 90, -180],
			"translation": [0, 5.5, -0.5],
			"scale": [1.5, 1.5, 1.5]
		}
	},
	"groups": [
		{
			"name": "Granát v2",
			"origin": [8, 8, 8],
			"color": 0,
			"nbt": "{}",
			"children": [
				{
					"name": "1",
					"origin": [0, 0, 0],
					"color": 0,
					"nbt": "{}",
					"children": [0, 1]
				},
				{
					"name": "2",
					"origin": [8, 8, 8],
					"color": 0,
					"nbt": "{}",
					"children": [2]
				},
				{
					"name": "3",
					"origin": [8, 8, 8],
					"color": 0,
					"nbt": "{}",
					"children": [3, 4, 5, 6, 7, 8]
				},
				{
					"name": "4",
					"origin": [8, 8, 8],
					"color": 0,
					"nbt": "{}",
					"children": [9, 10, 11, 12, 13, 14]
				},
				{
					"name": "5",
					"origin": [8, 8, 8],
					"color": 0,
					"nbt": "{}",
					"children": [15, 16, 17, 18, 19, 20]
				},
				{
					"name": "6",
					"origin": [8, 8, 8],
					"color": 0,
					"nbt": "{}",
					"children": [21, 22, 23, 24, 25, 26]
				},
				{
					"name": "rukojeť",
					"origin": [8, 8, 8],
					"color": 0,
					"nbt": "{}",
					"children": [27, 28, 29, 30]
				}
			]
		}
	]
}